title,brand,superbowl_ads_dot_com_url,youtube_url,year,funny,celebrity,danger,animals,use_sex,view_count,like_count,dislike_count,comment_count
Bud Light: Post Malone #PostyStore Inside Post's Brain,Bud Light,https://superbowl-ads.com/2020-bud-light-seltzer-inside-posts-brain/,https://www.youtube.com/watch?v=nbbp0VW7z8w,2020,TRUE,TRUE,TRUE,FALSE,FALSE,47752,485,14,14
"Super Bowl 2006: Bud Light ""Save Yourself""",Bud Light,https://superbowl-ads.com/2006-bud-light-bear-attack/,https://www.youtube.com/watch?v=yk0MQD5YgV8,2006,TRUE,FALSE,TRUE,TRUE,FALSE,142310,129,15,9
Hyundai / Hope Detector (2018),Hynudai,https://superbowl-ads.com/hope-detector-nfl-super-bowl-lii-hyundai/,https://www.youtube.com/watch?v=lNPccrGk77A,2018,FALSE,FALSE,FALSE,FALSE,FALSE,198,2,0,0
bud light pick up,Bud Light,https://superbowl-ads.com/2003-bud-light-hermit-crab/,https://www.youtube.com/watch?v=ovQYgnXHooY,2003,TRUE,FALSE,TRUE,TRUE,TRUE,13741,20,3,2
Toyota Super Bowl Commercial 2020 Cobie Smulders Heroes,Toyota,https://superbowl-ads.com/2020-toyota-go-places-with-cobie-smulders/,https://www.youtube.com/watch?v=f34Ji70u3nk,2020,TRUE,TRUE,TRUE,TRUE,FALSE,23636,115,11,13
Coca-Cola Energy - Show Up ft. Jonah Hill & Martin Scorsese,Coca-Cola,https://superbowl-ads.com/2020-coca-cola-energy-show-up/,https://www.youtube.com/watch?v=-gAZRN3SCBw,2020,TRUE,TRUE,FALSE,TRUE,FALSE,304254,1470,384,227
"Kia Seltos Super Bowl 2020 TV Commercial, 'Tough Never Quits'",Kia,https://superbowl-ads.com/2020-kia-tough-never-quits/,https://www.youtube.com/watch?v=lMs79UXam9A,2020,FALSE,TRUE,FALSE,FALSE,FALSE,17892,78,6,6
Hyundai: Super Bowl Commercial - Smaht Pahk,Hynudai,https://superbowl-ads.com/2020-hyundai-smaht-pahk/,https://www.youtube.com/watch?v=WBvkmWDjsYc,2020,TRUE,TRUE,FALSE,TRUE,FALSE,38385,342,7,30
Budweiser - Typical American,Budweiser,https://superbowl-ads.com/2020-budweiser-typical-american/,https://www.youtube.com/watch?v=J0xugdotpp8,2020,FALSE,TRUE,TRUE,FALSE,FALSE,782,7,0,0
[HD] 2010 Super Bowl Commercial | New Hyundai Super Bowl 44 XLIV Ad | Hyundai Body Pass 2011 Sonata,Hynudai,https://superbowl-ads.com/hd-2010-super-bowl-commercial-new-hyundai-super-bowl-44-xliv-ad-hyundai-body-pass-2011-sonata/,https://www.youtube.com/watch?v=dWQqIeAYfK8,2010,FALSE,FALSE,FALSE,FALSE,FALSE,68458,46,14,8
[HD] Exclusive Bud Light Scientist 2010 SuperBowl 44 XLIV Commercial Ad,Bud Light,https://superbowl-ads.com/hd-exclusive-bud-light-scientist-2010-superbowl-44-xliv-commercial-ad/,https://www.youtube.com/watch?v=agISXMN4tng,2010,TRUE,FALSE,TRUE,FALSE,TRUE,3805,9,0,1
"2007 Super Bowl Commercials - Budweiser, King Crab",Budweiser,https://superbowl-ads.com/2007-budweiser-king-crab/,https://www.youtube.com/watch?v=7KHlMJE84eA,2007,TRUE,FALSE,FALSE,TRUE,TRUE,184689,133,24,13
"Budweiser - Respect (2002, USA)",Budweiser,https://superbowl-ads.com/2002-budweiser-ground-zero-clydesdales-bow/,https://www.youtube.com/watch?v=1MZUvib98Rs,2002,FALSE,FALSE,FALSE,TRUE,FALSE,121400,642,10,50
NEXT 100 || NFL Super Bowl LIV Commercial,NFL,https://superbowl-ads.com/2020-nfl-next-100/,https://www.youtube.com/watch?v=lbkafMhmvMo,2020,FALSE,TRUE,FALSE,FALSE,FALSE,26727063,175429,7445,8441
Super Bowl Baby Legends | Who’s Next? | Football is Family,NFL,https://superbowl-ads.com/2017-nfl-super-bowl-51-li-tv-commercial-super-bowl-baby-legends/,https://www.youtube.com/watch?v=9csH_Hy-7A4,2017,FALSE,FALSE,FALSE,FALSE,FALSE,865781,2315,130,162
Bud Light Cockato ad,Bud Light,https://superbowl-ads.com/2005-bud-light-parrot/,https://www.youtube.com/watch?v=-gTWA5AsTP8,2005,TRUE,FALSE,TRUE,TRUE,TRUE,8990,29,0,3
Pepsi Max - I'm Good Super Bowl XLIII Commercial 2009,Pepsi,https://superbowl-ads.com/2009-pepsi-max-im-good/,https://www.youtube.com/watch?v=qUZaSf7T7ig,2009,TRUE,FALSE,TRUE,FALSE,FALSE,129399,345,12,42
Frank the Monkey Bud Light,Bud Light,https://superbowl-ads.com/2004-bud-light-frank/,https://www.youtube.com/watch?v=mjN3OY9Eefk,2004,TRUE,FALSE,FALSE,TRUE,TRUE,3739,115,1,59
"Doritos Super Bowl Commercial 2020 Lil Nas X, Sam Elliott The Cool Ranch",Doritos,https://superbowl-ads.com/2020-doritos-the-cool-ranch-with-lil-nas-x-and-sam-elliott/,https://www.youtube.com/watch?v=6xVnq31Vk8Y,2020,TRUE,TRUE,TRUE,TRUE,FALSE,1990447,10717,576,319
Bud Light Slap,Bud Light,https://superbowl-ads.com/2007-bud-light-slap/,https://www.youtube.com/watch?v=aOfRpCp6Pgw,2007,TRUE,FALSE,TRUE,FALSE,FALSE,72997,86,30,33
Pepsi | Zero Sugar | SuperBowl Commercials 2020,Pepsi,https://superbowl-ads.com/2020-pepsi-zero-sugar-done-right/,https://www.youtube.com/watch?v=Ozb_fJB_z6o,2020,FALSE,TRUE,FALSE,FALSE,FALSE,29219,146,38,29
Ad Meter 2019: Hyundai,Hynudai,https://superbowl-ads.com/2019-hyundai-shopper-assurance-the-elevator-with-jason-bateman/,https://www.youtube.com/watch?v=6mfJ0EsqLWs,2019,TRUE,TRUE,FALSE,FALSE,FALSE,38968,216,15,0
Budweiser - Clydesdale Generations Super Bowl XLIII Commercial 2009,Budweiser,https://superbowl-ads.com/2009-budweiser-clydesdales-generations/,https://www.youtube.com/watch?v=ukpnHh4eEeQ,2009,FALSE,FALSE,FALSE,TRUE,FALSE,302143,527,15,36
Kia Optima - One Epic Ride,Kia,https://superbowl-ads.com/2011-kia-optima-one-epic-ride-super-bowl-xlv-commercial/,https://www.youtube.com/watch?v=8FMU5yPZgwM,2011,TRUE,FALSE,TRUE,FALSE,TRUE,36832,200,7,12
Doritos Super Bowl commercial with Chance the Rapper & Backstreet Boys,Doritos,https://superbowl-ads.com/2019-doritos-now-its-hot-with-chance-the-rapper-and-backstreet-boys/,https://www.youtube.com/watch?v=NvIcPAxZ39o,2019,FALSE,TRUE,FALSE,FALSE,FALSE,41828,683,14,46
Pepsi: More Than OK,Pepsi,https://superbowl-ads.com/2019-pepsi-more-than-ok/,https://www.youtube.com/watch?v=64UH1_D95gQ,2019,TRUE,TRUE,FALSE,FALSE,TRUE,69050,773,37,65
Hyundai Sonata Turbo Super Bowl Commercial 2013,Hynudai,https://superbowl-ads.com/video-2013-hyundai-sonata-turbo-super-bowl-xlvii-stuck/,https://www.youtube.com/watch?v=WTf0XGpINJI,2013,TRUE,FALSE,TRUE,TRUE,FALSE,4302,22,0,2
Ad Meter 2019: NFL,NFL,https://superbowl-ads.com/2019-nfl-nfl100/,https://www.youtube.com/watch?v=sl8ooTIMk2w,2019,TRUE,TRUE,FALSE,FALSE,FALSE,77720,680,15,82
Coca-Cola Border SUPER BOWL COMMERCIAL 2011,Coca-Cola,https://superbowl-ads.com/2011-coca-cola-border/,https://www.youtube.com/watch?v=Aw6-aXMBseo,2011,FALSE,FALSE,FALSE,FALSE,FALSE,113771,235,8,29
Michael Buble vs Bubly Super Bowl 2019 Commercial,Pepsi,https://superbowl-ads.com/2019-pepsi-bubly-buble/,https://www.youtube.com/watch?v=I-_Uh-vZXgo,2019,TRUE,TRUE,FALSE,FALSE,FALSE,128792,961,15,35
Super Bowl 2016: Hyundai Chase Ad,Hynudai,https://superbowl-ads.com/hyundai-2016-super-bowl-50-ad-chase/,https://www.youtube.com/watch?v=r_kXSO9Cph0,2016,TRUE,FALSE,TRUE,TRUE,FALSE,5049,40,3,1
Bud Light Stranded Super Bowl Commercial 2010,Bud Light,https://superbowl-ads.com/hd-exclusive-stranded-budweiser-2010-super-bowl-44-xliv-commercial-ad/,https://www.youtube.com/watch?v=zE7wyUmsM0k,2010,TRUE,FALSE,FALSE,FALSE,FALSE,85454,120,3,24
"E*TRADE - Monkey (2000, USA)",E-Trade,https://superbowl-ads.com/2000-etrade-monkey-dance/,https://www.youtube.com/watch?v=Muyq2kMDFoA,2000,TRUE,FALSE,FALSE,TRUE,FALSE,9036,51,2,7
Bud Light Commercial from 2001 Otto the Obese Dog,Bud Light,https://superbowl-ads.com/2001-bud-light-otto/,https://www.youtube.com/watch?v=XJEYIR-Cai4,2001,TRUE,FALSE,FALSE,TRUE,FALSE,2801,9,0,1
Doritos Blaze VS Mountain Dew 2018 Super Bowl Commercial - Morgan Freeman,Doritos,https://superbowl-ads.com/2018-doritos-blaze-vs-mtn-dew-ice/,https://www.youtube.com/watch?v=rZh_CbcVe7M,2018,TRUE,TRUE,FALSE,FALSE,FALSE,23327,333,6,16
2001 Commercial - Budweiser: What Are YOU Doing?,Budweiser,https://superbowl-ads.com/2001-budweiser-what-are-you-doing/,https://www.youtube.com/watch?v=gtmJEt0w1k4,2001,TRUE,FALSE,FALSE,FALSE,FALSE,50088,151,3,16
"Life is Short, Have a Diet Coke Because I Can Diet Coke",Coca-Cola,https://superbowl-ads.com/life-is-short-have-a-diet-coke-because-i-can-diet-coke/,https://www.youtube.com/watch?v=be5DH6jQs38,2018,FALSE,TRUE,FALSE,FALSE,FALSE,301,2,0,1
Super Bowl 2013 - Hyundai - Epic Playdate,Hynudai,https://superbowl-ads.com/video-hyundai-2013-super-bowl-xlvii-ad-epic-playdate/,https://www.youtube.com/watch?v=YyKVvAZSAug,2013,FALSE,FALSE,FALSE,TRUE,FALSE,3667,7,2,1
Super Bowl XXXVIII Commercial - Pepsi Bears,Pepsi,https://superbowl-ads.com/2004-pepsi-bears-find-food/,https://www.youtube.com/watch?v=GzWUUZRli6s,2004,TRUE,FALSE,FALSE,TRUE,FALSE,179695,295,12,37
2018 Kia Commercial - Steven Tyler Big Game Ad - Feel Something Again,Kia,https://superbowl-ads.com/2018-kia-stinger-steven-tyler-big-game-ad-feel-something-again/,https://www.youtube.com/watch?v=9_dE6Z2HK8I,2018,FALSE,TRUE,FALSE,FALSE,FALSE,16399,219,3,0
"Pepsi Super Bowl Commercial 2018 Cindy Crawford, Britney Spears",Pepsi,https://superbowl-ads.com/2018_pepsi_this_is_the_pepsi/,https://www.youtube.com/watch?v=0gHYd67OumQ,2018,FALSE,TRUE,FALSE,FALSE,FALSE,669906,2849,181,324
Touchdown Celebrations to Come | NFL | Super Bowl LII Commercial,NFL,https://superbowl-ads.com/touchdown-celebrations-to-come-nfl-super-bowl-lii-commercial/,https://www.youtube.com/watch?v=KUoD-gPDahw,2018,TRUE,TRUE,FALSE,FALSE,FALSE,3464175,20508,556,1373
Inside These Lines,NFL,https://superbowl-ads.com/2017-nfl-super-bowl-51-li-tv-commercial-inside-lines/,https://www.youtube.com/watch?v=pvKBdrx4quA,2017,FALSE,TRUE,FALSE,FALSE,FALSE,310443,2215,323,376
"Superbowl (2000) E-Trade: ""Money Out The Wazoo""",E-Trade,https://superbowl-ads.com/2000-etrade-money-out-of-the-wazoo/,https://www.youtube.com/watch?v=oftjwYmlfoA,2000,TRUE,FALSE,TRUE,FALSE,FALSE,67182,121,4,6
Etrade One Finger Super Bowl XLI Commercial,E-Trade,https://superbowl-ads.com/2007-etrade-one-finger/,https://www.youtube.com/watch?v=jaR5-kefxn4,2007,TRUE,FALSE,FALSE,FALSE,FALSE,97247,97,22,23
WHASSUP GIRLFRIEND - Budweiser Commercial 2000,Budweiser,https://superbowl-ads.com/2000-budweiser-whaasup-game/,https://www.youtube.com/watch?v=loimTUjV92Q,2000,TRUE,FALSE,FALSE,FALSE,FALSE,5264,10,1,1
2013 SuperBowl XLVII Doritos Goat 4 Sale Commercial,Doritos,https://superbowl-ads.com/video-doritos-2013-super-bowl-xlvii-commercial-goat-for-sale/,https://www.youtube.com/watch?v=DoM6IhfY8No,2013,TRUE,FALSE,FALSE,TRUE,FALSE,576696,2541,94,150
"Budweiser Black Crown ""Coronation"" - 2013 Super Bowl Commercial",Budweiser,https://superbowl-ads.com/video-budweiser-black-crown-2013-super-bowl-xlvii-ad-coronation/,https://www.youtube.com/watch?v=AMP9fgyi41M,2013,FALSE,FALSE,FALSE,FALSE,TRUE,1171,5,2,0
Live the Flavor,Doritos,https://superbowl-ads.com/2007-doritos-live-the-favor/,https://www.youtube.com/watch?v=kNxgxF-7SfA,2007,TRUE,FALSE,TRUE,FALSE,TRUE,1683994,2508,861,160
Budweiser - Fetch Super Bowl XLIII Commercial 209,Budweiser,https://superbowl-ads.com/2009-budweiser-clydesdale-plays-fetch/,https://www.youtube.com/watch?v=w_ZEGUX4YnI,2009,TRUE,FALSE,FALSE,TRUE,FALSE,49339,67,2,8
Etrade (2012) Fatherhood,E-Trade,https://superbowl-ads.com/2012-etrade-fatherhood/,https://www.youtube.com/watch?v=fObt1E6Ij_E,2012,TRUE,FALSE,FALSE,FALSE,FALSE,21,0,0,0
Ad Meter 2019: Bud Light Medieval Barbers,Bud Light,https://superbowl-ads.com/2019-bud-light-medieval-barbers/,https://www.youtube.com/watch?v=hkSQ2Vr41bM,2019,TRUE,FALSE,FALSE,FALSE,FALSE,36683,65,117,32
2017 Kia Niro “Hero’s Journey” Starring Melissa McCarthy,Kia,https://superbowl-ads.com/2017-kia-super-bowl-51-li-tv-commercial-heros-journey-starring-melissa-mccarthy/,https://www.youtube.com/watch?v=pVxmT2x3Od4,2017,TRUE,TRUE,TRUE,TRUE,FALSE,87687,589,22,32
Super Bowl XLI BudLight Hitch Hiker Commercial,Bud Light,https://superbowl-ads.com/2007-bud-light-but-he-has-bud-light/,https://www.youtube.com/watch?v=qIC90Vnc-OI,2007,TRUE,FALSE,TRUE,FALSE,FALSE,177497,392,9,28
Bud Light - Dog Sitter - Super Bowl Commercial,Bud Light,https://superbowl-ads.com/2011-bud-light-dog-sitter/,https://www.youtube.com/watch?v=JJn1vM7LB1Y,2011,TRUE,FALSE,FALSE,TRUE,FALSE,350,1,1,0
"Greatest SuperBowl Ads, Pepsi Cola Ad",Pepsi,https://superbowl-ads.com/pepsi-2016-super-bowl-50-ad-joy-pepsi/,https://www.youtube.com/watch?v=B9j4Cw5dkBs,2016,FALSE,TRUE,FALSE,FALSE,FALSE,40818,320,19,13
Bosses,Hynudai,https://superbowl-ads.com/2009-hyundai-angry-bosses/,https://www.youtube.com/watch?v=puG0WOgAUfs,2009,TRUE,FALSE,FALSE,FALSE,FALSE,373684,585,178,118
"Coca-Cola ""Siege"" Super Bowl ad",Coca-Cola,https://superbowl-ads.com/2011-coca-cola-siege/,https://www.youtube.com/watch?v=nAJvHsVoLq0,2011,TRUE,FALSE,TRUE,TRUE,FALSE,87396,53,2,2
Hyundai Super Bowl - Ryanville - All New Elantra,Hynudai,https://superbowl-ads.com/hyundai-2016-super-bowl-50-ad-ryanville/,https://www.youtube.com/watch?v=wBcijELzZi4,2016,TRUE,TRUE,FALSE,TRUE,TRUE,11074,91,5,3
Super Bowl XLIII Commercial Doritos Beer Ad Funny Exclusive New Flavor Pitch,Doritos,https://superbowl-ads.com/2009-doritos-new-flavor-pitch/,https://www.youtube.com/watch?v=qKKpRhFcKBk,2009,TRUE,FALSE,FALSE,FALSE,FALSE,41379,103,9,7
Dorito Ninja Super Bowl Commercial 2010,Doritos,https://superbowl-ads.com/hd-exclusive-doritos-samurai-2010-super-bowl-44-xliv-commercial-ad/,https://www.youtube.com/watch?v=1ww1k7w4WQ8,2010,TRUE,FALSE,TRUE,FALSE,FALSE,219464,1136,28,94
Middle Seat - Doritos Crash the Super Bowl 2015 WINNER OFFICIAL,Doritos,https://superbowl-ads.com/2015-doritos-middle-seat/,https://www.youtube.com/watch?v=2JqRXLQYF9o,2015,TRUE,FALSE,FALSE,FALSE,TRUE,2319854,2746,203,184
"2007 Super Bowl Commercials - Coca Cola, Video Game",Coca-Cola,https://superbowl-ads.com/2007-coca-cola-video-game/,https://www.youtube.com/watch?v=3Tnm53uXIvg,2007,FALSE,FALSE,TRUE,TRUE,FALSE,249186,452,49,75
2020 Toyota Supra 2019 Pinball Wizard themed Super Bowl advertisement,Toyota,https://superbowl-ads.com/2019-toyota-supra-wizard/,https://www.youtube.com/watch?v=ZuBbnZ3UbJw,2019,FALSE,FALSE,FALSE,FALSE,FALSE,6713,68,5,29
Budweiser Commercial -- How you doin',Budweiser,https://superbowl-ads.com/2002-budweiser-how-ya-doin/,https://www.youtube.com/watch?v=mhEYXcCB1Qw,2002,TRUE,FALSE,FALSE,FALSE,FALSE,38574,199,7,8
"Coca Cola Super Bowl Commercial 2014 ""Going all the Way""",Coca-Cola,https://superbowl-ads.com/2014-coca-going-all-the-way/,https://www.youtube.com/watch?v=nO-8ZY7p95o,2014,TRUE,FALSE,FALSE,FALSE,FALSE,3900,14,3,0
Budweiser Commercial- Referee Training,Budweiser,https://superbowl-ads.com/2004-budweiser-referee/,https://www.youtube.com/watch?v=uO-E2T1hayU,2004,TRUE,FALSE,FALSE,FALSE,FALSE,327529,803,42,73
Hulk vs. Ant-Man - Coca-Cola: Coke Mini,Coca-Cola,https://superbowl-ads.com/coca-cola-mini-2016-super-bowl-50-ad-hulk-vs-ant-man/,https://www.youtube.com/watch?v=sMkGwCw7iv8,2016,TRUE,TRUE,TRUE,FALSE,FALSE,6428474,58957,2673,813
Budweiser USA #BestBuds 2015 Budweiser Clydesdale Beer Run,Budweiser,https://superbowl-ads.com/2015-budweiser-clydesdale-beer-run/,https://www.youtube.com/watch?v=5tso0er4EUI,2015,TRUE,FALSE,TRUE,TRUE,FALSE,7621,14,2,0
First Date – Hyundai Super Bowl 2016 Commercial Kevin Hart,Hynudai,https://superbowl-ads.com/hyundai-2016-super-bowl-50-ad-first-date/,https://www.youtube.com/watch?v=KwUUdl22mkA,2016,TRUE,TRUE,FALSE,FALSE,FALSE,156718,1243,24,57
Bud Light Funny Pencil Advertisement,Bud Light,https://superbowl-ads.com/2001-bud-light-pencil-pusher/,https://www.youtube.com/watch?v=J89vbNUzhIE,2001,TRUE,FALSE,TRUE,FALSE,TRUE,60774,269,10,18
Bud Light - Strongman,Bud Light,https://superbowl-ads.com/2003-bud-light-strongman/,https://www.youtube.com/watch?v=_cEQ5g6bzdM,2003,TRUE,FALSE,TRUE,FALSE,FALSE,3754,18,1,1
Bud Light-03 (elevator),Bud Light,https://superbowl-ads.com/2000-bud-light-hold-the-door/,https://www.youtube.com/watch?v=M3IV93HwSkc,2000,TRUE,FALSE,TRUE,FALSE,FALSE,6641,7,1,1
Pepsi 90's commercial - SUBWAY,Pepsi,https://superbowl-ads.com/2001-pepsi-subway-miracle/,https://www.youtube.com/watch?v=1nmPv4M8Ps8,2001,TRUE,FALSE,FALSE,FALSE,TRUE,788,4,2,0
2014 Doritos Cowboy Kid Super Bowl Commercial,Doritos,https://superbowl-ads.com/2014-doritos-cowboy-kid/,https://www.youtube.com/watch?v=1X_M47SQF6s,2014,TRUE,FALSE,TRUE,TRUE,FALSE,10929,37,3,5
Budweiser The Best Super Bowl 2016 Commercial Ad,Budweiser,https://superbowl-ads.com/budweiser-2016-super-bowl-50-ad-simply-put/,https://www.youtube.com/watch?v=Le_2S2db0Bk,2016,FALSE,TRUE,FALSE,FALSE,FALSE,136,0,0,0
Budweiser Donkey,Budweiser,https://superbowl-ads.com/2004-budweiser-donkey/,https://www.youtube.com/watch?v=pmmsr7PAhWU,2004,FALSE,FALSE,FALSE,TRUE,FALSE,1939823,3744,108,279
Budweiser Brewed The Hard Way Commercial,Budweiser,https://superbowl-ads.com/budweiser-2015-super-bowl-xlix-ad-brewed-the-hard-way/,https://www.youtube.com/watch?v=7_EfXuGev24,2015,FALSE,FALSE,FALSE,TRUE,FALSE,79,0,0,0
Kia - Beige Socks (Christopher Walken) Super Bowl Commercial,Kia,https://superbowl-ads.com/kia-optima-2016-super-bowl-50-ad-walken-closet/,https://www.youtube.com/watch?v=rBkPXt-OpA4,2016,TRUE,TRUE,FALSE,FALSE,FALSE,14395,86,1,6
Budweiser 2017 Super Bowl Commercial | “Born The Hard Way”,Budweiser,https://superbowl-ads.com/2017-budweiser-super-bowl-51-li-tv-commercial-born-hard-way/,https://www.youtube.com/watch?v=HtBZvl7dIu4,2017,FALSE,FALSE,TRUE,FALSE,FALSE,28785122,48423,17113,9190
Heist - Coca-Cola Commercial,Coca-Cola,https://superbowl-ads.com/2009-coca-cola-heist/,https://www.youtube.com/watch?v=icV7fGqPZ2I,2009,FALSE,FALSE,FALSE,TRUE,FALSE,503550,1490,296,88
When Pigs Fly - Doritos Crash the Super Bowl 2015 WINNER OFFICAL,Doritos,https://superbowl-ads.com/doritos-2015-super-bowl-xlix-ad-when-pigs-fly/,https://www.youtube.com/watch?v=YQo0TfuueaY,2015,TRUE,FALSE,FALSE,TRUE,FALSE,1274288,2031,149,201
Toyota Tacoma Double Cab Girlfriend Commercial,Toyota,https://superbowl-ads.com/2004-toyota-revenge/,https://www.youtube.com/watch?v=5uLJitPWAXM,2004,TRUE,FALSE,TRUE,FALSE,FALSE,112297,640,9,52
“Super Bowl Babies Choir” feat. Seal | Music Video,NFL,https://superbowl-ads.com/nfl-2016-super-bowl-50-ad-super-bowl-babies-choir/,https://www.youtube.com/watch?v=9KqekigARfE,2016,FALSE,TRUE,FALSE,FALSE,FALSE,4921309,20690,2015,1828
A Better Super Bowl | NFL Hyundai Super Bowl LI,Hynudai,https://superbowl-ads.com/2017-hyundai-super-bowl-51-li-tv-commercial-better-super-bowl/,https://www.youtube.com/watch?v=KpN6fxOorwE,2017,FALSE,FALSE,FALSE,FALSE,FALSE,907,8,0,1
Bud Light - Rescue Dog,Bud Light,https://superbowl-ads.com/2012-bud-light-rescue-dog/,https://www.youtube.com/watch?v=Qr3GJqccGi4,2012,TRUE,FALSE,FALSE,TRUE,TRUE,14579,42,1,0
Budweiser Clydesdale Team Commercial,Budweiser,https://superbowl-ads.com/2008-budweiser-dalmatian-trains-hank-for-team/,https://www.youtube.com/watch?v=odpagg0jV6I,2008,FALSE,FALSE,FALSE,TRUE,FALSE,110004,300,7,21
Doritos commercial :casket,Doritos,https://superbowl-ads.com/hd-exclusive-casket-funeral-doritos-2010-super-bowl-44-xliv-commercial-ad/,https://www.youtube.com/watch?v=2IhJl7mBtls,2010,TRUE,FALSE,FALSE,FALSE,FALSE,11608,22,0,3
Toyota: RAV4 Hybrid featuring Toni Harris - 2019 Super Bowl Commercial,Toyota,https://superbowl-ads.com/2019-toyota-toni-with-antoinette-harris/,https://www.youtube.com/watch?v=wegrVsP3gK4,2019,FALSE,FALSE,FALSE,FALSE,FALSE,4873,32,14,5
2009 Super Bowl Ad Bud Light Office Meeting,Bud Light,https://superbowl-ads.com/2009-bud-light-meeting/,https://www.youtube.com/watch?v=L1fL0ZHX2t0,2009,TRUE,FALSE,TRUE,FALSE,FALSE,54079,171,7,25
"Bud Light ""Yoga""",Bud Light,https://superbowl-ads.com/2003-bud-light-yoga/,https://www.youtube.com/watch?v=bcV8WN1YIL4,2003,TRUE,FALSE,FALSE,FALSE,TRUE,147160,53,15,2
Commercial Ads 2019 - Coca Cola - A Coke is a Coke - Super Bowl 2019,Coca-Cola,https://superbowl-ads.com/2019-coca-cola-a-coke-is-a-coke/,https://www.youtube.com/watch?v=WTqL_giKNHQ,2019,FALSE,FALSE,FALSE,TRUE,FALSE,81952,417,56,53
Hyundai Genesis Coupe 2012 commercial,Hynudai,https://superbowl-ads.com/2012-hyundai-genesis-heart/,https://www.youtube.com/watch?v=UxQKSCpOIOI,2012,TRUE,FALSE,TRUE,FALSE,FALSE,1264,2,0,0
Hyundai Elantra - Another version - Hypnotized Super Bowl spot commercial 2016,Hynudai,https://superbowl-ads.com/2011-hyundai-super-bowl-commercial-hypnotized-video/,https://www.youtube.com/watch?v=5ofcQl6gWeE,2011,TRUE,FALSE,FALSE,FALSE,FALSE,319,0,0,0
2007 Budweiser Super Bowl Commercial Rock-Paper-Scissors,Bud Light,https://superbowl-ads.com/2007-bud-light-rock-scissors-paper/,https://www.youtube.com/watch?v=kH50-giCeDM,2007,TRUE,FALSE,TRUE,FALSE,FALSE,218329,309,8,29
Hyundai SuperBowl Commercial: 2008Genesis vs. Mercedes & BMW,Hynudai,https://superbowl-ads.com/2008-hyundai-genesis-luxury/,https://www.youtube.com/watch?v=PsKJUnGEGSs,2008,FALSE,FALSE,FALSE,FALSE,FALSE,13312,18,11,24
NFL - Super Bowl XLIV Best Fans on the Planet (Reggie Bush Slow Motion),NFL,https://superbowl-ads.com/2010-nfl-best-fans-on-the-planet/,https://www.youtube.com/watch?v=6cMHr8goUgU,2010,FALSE,FALSE,FALSE,FALSE,FALSE,91378,404,14,32
Pepsi iTunes Free Song Promotion (2005),Pepsi,https://superbowl-ads.com/2005-pepsi-song-in-a-bottle/,https://www.youtube.com/watch?v=vUwROngDC88,2005,TRUE,FALSE,FALSE,FALSE,FALSE,111,0,0,0
Budweiser 2018 Super Bowl Commercial “Stand By You”,Budweiser,https://superbowl-ads.com/41891-2/,https://www.youtube.com/watch?v=GNVw5f16GEM,2018,FALSE,FALSE,FALSE,FALSE,FALSE,39897,138,8,8
Bud Light Legends - Bud Knight,Bud Light,https://superbowl-ads.com/bud-light-the-bud-knight/,https://www.youtube.com/watch?v=UizTtcBsNi8,2018,TRUE,FALSE,TRUE,TRUE,FALSE,33766,144,23,17
Bud Light Sleigh Ride Commercial,Bud Light,https://superbowl-ads.com/2004-bud-light-sleigh-ride/,https://www.youtube.com/watch?v=yQ_nU0_R7PE,2004,TRUE,FALSE,TRUE,TRUE,TRUE,88445,118,6,8
Budweiser True Cards,Budweiser,https://superbowl-ads.com/2002-budweiser-anniversary-card/,https://www.youtube.com/watch?v=LnU2T2P1oxA,2002,TRUE,FALSE,FALSE,FALSE,FALSE,13245,49,3,0
"Super Bowl 2006: Budweiser ""The Wave""",Budweiser,https://superbowl-ads.com/2006-budweiser-stadium-crowd-wave/,https://www.youtube.com/watch?v=4WeAvfP1ikU,2006,TRUE,FALSE,FALSE,FALSE,FALSE,85274,78,16,10
Bud Light Super Bowl 2014 Commercial - FULL VERSION,Bud Light,https://superbowl-ads.com/2014-bud-light-up-for-whatever-2/,https://www.youtube.com/watch?v=PnOW5qj_R6A,2014,FALSE,TRUE,FALSE,TRUE,TRUE,134186,405,27,29
Coca-Cola Avatar,Coca-Cola,https://superbowl-ads.com/2009-coca-cola-avatar/,https://www.youtube.com/watch?v=Kwke0LNardc,2009,TRUE,FALSE,FALSE,TRUE,FALSE,1452877,3511,296,523
Toyota Highlander - Big Game Ad Starring Terry Crews and the Muppets 2014,Toyota,https://superbowl-ads.com/2014-toyota-highlander-no-room-for-boring/,https://www.youtube.com/watch?v=b01P9PaaoLk,2014,TRUE,TRUE,FALSE,TRUE,FALSE,25834,140,5,18
Bud Light - Skier Super Bowl XLIII Commercial 2009,Bud Light,https://superbowl-ads.com/2009-bud-light-skier/,https://www.youtube.com/watch?v=LEVQAU_LITI,2009,TRUE,FALSE,TRUE,FALSE,TRUE,30123,33,2,6
The Truth' Official Kia Quoris Morpheus Big Game Commercial 2014,Kia,https://superbowl-ads.com/2014-kia-the-truth/,https://www.youtube.com/watch?v=FTNMYoKHwvU,2014,FALSE,TRUE,TRUE,FALSE,FALSE,17209,198,2,10
Nice - Hyundai Elantra - Super Bowl Commercial 2014,Hynudai,https://superbowl-ads.com/2014-hyundai-elantra-nice/,https://www.youtube.com/watch?v=2jMWybAKjWw,2014,TRUE,TRUE,TRUE,FALSE,TRUE,1874,20,0,0
Bud Light Wheel Suck Commercial,Bud Light,https://superbowl-ads.com/2008-bud-light-wheel-suck/,https://www.youtube.com/watch?v=WX8Du9pusdA,2008,TRUE,FALSE,FALSE,FALSE,FALSE,598260,755,54,83
Budweiser great listener,Budweiser,https://superbowl-ads.com/2003-budweiser-great-listener/,https://www.youtube.com/watch?v=zx4SnN9HuRw,2003,TRUE,FALSE,FALSE,FALSE,FALSE,27378,18,2,0
Super Bowl Ad 2013 Bud Light Journey Stevie Wonder,Bud Light,https://superbowl-ads.com/video-bud-light-2013-super-bowl-xlvii-ad-journey/,https://www.youtube.com/watch?v=leptS7k6sLE,2013,TRUE,TRUE,FALSE,FALSE,FALSE,394,1,0,0
Doritos pug attack commercial original,Doritos,https://superbowl-ads.com/2011-doritos-pug-attack/,https://www.youtube.com/watch?v=1A6frF5zfDE,2011,TRUE,FALSE,TRUE,TRUE,FALSE,122388,561,8,25
Bud Light Legends - Skydiver,Bud Light,https://superbowl-ads.com/2005-bud-light-skydiver/,https://www.youtube.com/watch?v=Y9wyIID8Khs,2005,TRUE,FALSE,FALSE,FALSE,FALSE,16997,69,3,2
Doritos Time Machine - Crash the Super Bowl 2014 WINNER OFFICIAL,Doritos,https://superbowl-ads.com/2014-doritos-time-machine/,https://www.youtube.com/watch?v=Y-P0Hs0ADJY,2014,TRUE,FALSE,FALSE,TRUE,FALSE,7952240,18729,1430,607
Bud Light Wine & Cheese Party Commercial,Bud Light,https://superbowl-ads.com/2008-bud-light-wine-cheese-party/,https://www.youtube.com/watch?v=aEWtTVaIH0M,2008,TRUE,FALSE,FALSE,FALSE,FALSE,555734,414,58,45
Super Bowl 2012 Commercial: Pepsi - King's Court,Pepsi,https://superbowl-ads.com/2012-pepsi-kings-court/,https://www.youtube.com/watch?v=3rZs8ZKTsp0,2012,FALSE,TRUE,FALSE,FALSE,FALSE,582575,1526,138,304
Doritos Crash the Superbowl Winner 2012 - Man's Best Friend,Doritos,https://superbowl-ads.com/2012-doritos-mans-best-friend/,https://www.youtube.com/watch?v=kMmd0WaQFGE,2012,TRUE,FALSE,TRUE,TRUE,FALSE,86928,130,12,6
Toyota Camry 2012 Super Bowl Commercial shows Reinvented Possibilities,Toyota,https://superbowl-ads.com/2012-toyota-camry-its-reinvented/,https://www.youtube.com/watch?v=oYdJKey7VpU,2012,TRUE,FALSE,TRUE,TRUE,TRUE,116294,1153,13,56
Bud Light - Hawk Superbowl XXXVI Commercial,Bud Light,https://superbowl-ads.com/2002-bud-light-falcon/,https://www.youtube.com/watch?v=ZBD4dYTpYAU,2002,TRUE,FALSE,TRUE,TRUE,TRUE,3548,13,0,0
Bud Light Battle Bot commercial,Bud Light,https://superbowl-ads.com/2002-bud-light-robobash/,https://www.youtube.com/watch?v=oJvsWvaTr4w,2002,TRUE,FALSE,TRUE,FALSE,FALSE,63129,178,5,15
Budweiser breath fire superbowl commercial,Bud Light,https://superbowl-ads.com/2008-bud-light-breathe-fire/,https://www.youtube.com/watch?v=AhqPl1IKVo4,2008,TRUE,FALSE,TRUE,TRUE,FALSE,24595,26,3,5
Coke Coca Cola Polar Bears Super Bowl Open Happiness Campaign 'Argh' TVC Commercial Advert in 2012,Coca-Cola,https://superbowl-ads.com/2012-coca-cola-arghh-ny-bear/,https://www.youtube.com/watch?v=jhvAXT9R_3U,2012,FALSE,FALSE,FALSE,TRUE,FALSE,15776,63,4,2
Jimi Hendrix Pepsi Vs Coca Cola Commercial,Pepsi,https://superbowl-ads.com/2004-pepsi-jimi-hendrix/,https://www.youtube.com/watch?v=NOOmu1Rz17Y,2004,TRUE,FALSE,FALSE,FALSE,FALSE,55676,222,9,26
"Doritos SuperBowl Commercial - ""Dog Shock Collar""",Doritos,https://superbowl-ads.com/hd-exclusive-dog-shock-collar-doritos-commercial-super-bowl-44-2010-super-bowl-xliv/,https://www.youtube.com/watch?v=UBaZDWIs3fs,2010,TRUE,FALSE,TRUE,TRUE,FALSE,132054,273,18,15
A Dream Car. For Real Life - 2012 Kia Optima Big Game Full Commercial - Extended Version,Kia,https://superbowl-ads.com/2012-kia-optima-drive-the-dream-extended-version/,https://www.youtube.com/watch?v=9RI6OGXq11Y,2012,TRUE,TRUE,FALSE,FALSE,TRUE,56257,396,5,42
NFL Timeline,NFL,https://superbowl-ads.com/2012-nfl-timeline/,https://www.youtube.com/watch?v=CPr4-P19NtE,2012,FALSE,TRUE,FALSE,FALSE,FALSE,403641,1980,42,206
[HD] Super Bowl 2010 Commercial with Brett Favre | New Hyundai Super Bowl 44 XLIV Commercial,Hynudai,https://superbowl-ads.com/hd-exclusive-2010-super-bowl-xliv-commercial-with-brett-favre-hyundai-commercial/,https://www.youtube.com/watch?v=KqAWv2wCW8I,2010,FALSE,TRUE,FALSE,FALSE,FALSE,176547,306,11,84
Bud Light Paintball Commercial.avi,Bud Light,https://superbowl-ads.com/2004-bud-light-paintball/,https://www.youtube.com/watch?v=qbS0gF3YdBg,2004,TRUE,FALSE,TRUE,FALSE,FALSE,561,6,0,1
Bud Light Commercial - X-Ray Vision,Bud Light,https://superbowl-ads.com/2008-bud-light-x-ray-vision/,https://www.youtube.com/watch?v=cOEMI8HRhlA,2008,TRUE,FALSE,FALSE,FALSE,TRUE,166102,161,10,24
Funny Bud Light Commercial Secret Magic Fridge,Bud Light,https://superbowl-ads.com/2006-bud-light-magic-fridge/,https://www.youtube.com/watch?v=67dRRrRz2t8,2006,TRUE,FALSE,FALSE,FALSE,FALSE,95355,328,14,9
Coca-Cola Happiness Factory commercial HD,Coca-Cola,https://superbowl-ads.com/2007-coca-cola-happiness-factory/,https://www.youtube.com/watch?v=NwZpO6saPxI,2007,FALSE,FALSE,FALSE,TRUE,FALSE,11311,29,3,1
2014 Super Bowl Commercial Budweiser Dalmatian - 2007 Super Bowl Commercial TVC,Budweiser,https://superbowl-ads.com/2007-budweiser-dalmatian/,https://www.youtube.com/watch?v=esOPYOeotTU,2007,FALSE,FALSE,TRUE,TRUE,FALSE,48035,47,2,1
t-pain bud light superbowl 44 commercial hd,Bud Light,https://superbowl-ads.com/hd-exclusive-bud-light-auto-tune-t-pain-2010-superbowl-44-xliv-commercial-ad/,https://www.youtube.com/watch?v=bDhjcP02GQg,2010,TRUE,TRUE,FALSE,FALSE,FALSE,34565,100,6,15
Power of the Crunch,Doritos,https://superbowl-ads.com/2009-doritos-power-of-the-crunch/,https://www.youtube.com/watch?v=7DZao4kN73M,2009,TRUE,FALSE,TRUE,TRUE,TRUE,640393,1921,215,208
Mean Troy - Coke Zero Super Bowl Ad,Coca-Cola,https://superbowl-ads.com/2009-coke-zero-mean-troy/,https://www.youtube.com/watch?v=XKFUcEkIbEg,2009,TRUE,TRUE,TRUE,FALSE,FALSE,45799,99,7,21
Pepsi Super Bowl 2009 Commercial: Anthem,Pepsi,https://superbowl-ads.com/2009-pepsi-anthem/,https://www.youtube.com/watch?v=WIzKwJmYLNs,2009,FALSE,TRUE,TRUE,FALSE,FALSE,1294,7,0,2
E-Trade Chimp On a Horse TV Commercial,E-Trade,https://superbowl-ads.com/2001-etrade-dot-com-ghost-town/,https://www.youtube.com/watch?v=ONZFkqzuMjI,2001,FALSE,FALSE,TRUE,TRUE,FALSE,103433,167,7,3
Bud Light | Battle Pep Talk Dilly Dilly,Bud Light,https://superbowl-ads.com/bud-light-ye-olde-pep-talk/,https://www.youtube.com/watch?v=xza7T89Lda4,2018,TRUE,FALSE,TRUE,TRUE,FALSE,41441,224,7,9
Kia - Big Game (2010 Super bowl Ad),Kia,https://superbowl-ads.com/hd-exclusive-kias-big-game-commercial-2010-super-bowl-44-xliv-ad/,https://www.youtube.com/watch?v=7q2yVq6fDEg,2010,TRUE,FALSE,FALSE,TRUE,TRUE,50850,92,4,11
"Funny Super Bowl Commercial 2008 - Doritos: ""Mouse Trap""",Doritos,https://superbowl-ads.com/2008-doritos-mouse-trap/,https://www.youtube.com/watch?v=h8qgk5tXuUA,2008,TRUE,FALSE,TRUE,FALSE,FALSE,232124,988,31,96
"Coke 2012 Commercial - Coca-Cola Open Happiness - ""Superstition""",Coca-Cola,https://superbowl-ads.com/2012-coca-cola-superstition/,https://www.youtube.com/watch?v=x1nttVdja9s,2012,FALSE,FALSE,FALSE,TRUE,FALSE,10925,71,18,3
"Hyundai ""Deprogramming""",Hynudai,https://superbowl-ads.com/2011-hyundai-super-bowl-commercial-deprogramming-video/,https://www.youtube.com/watch?v=32d5c_IW2Xc,2011,FALSE,FALSE,FALSE,TRUE,FALSE,92,1,0,0
Coca-Cola: Political Parties (Super Bowl 42 Commercial),Coca-Cola,https://superbowl-ads.com/2008-coca-cola-political-parties/,https://www.youtube.com/watch?v=2_LWZe2BGaE,2008,TRUE,TRUE,FALSE,FALSE,FALSE,14267,36,2,7
Bud Light - Satin Sheets,Bud Light,https://superbowl-ads.com/2002-bud-light-satin-sheets/,https://www.youtube.com/watch?v=-LwSb4cCAnw,2002,TRUE,FALSE,TRUE,FALSE,TRUE,67452,270,15,7
"KIA SORENTO ""SPACE BABIES""",Kia,https://superbowl-ads.com/video-2013-kia-super-bowl-xlvii-commercial-space-babies/,https://www.youtube.com/watch?v=k5vbGQb7jR0,2013,TRUE,FALSE,FALSE,TRUE,TRUE,10338,39,2,1
Justin Timberlake Pepsi Ad,Pepsi,https://superbowl-ads.com/2008-pepsi-every-sip-with-justin-timberlake/,https://www.youtube.com/watch?v=AKKM8sP24BE,2008,TRUE,TRUE,TRUE,FALSE,TRUE,236941,594,14,65
Hyundai - Anachronistic City.mp4,Hynudai,https://superbowl-ads.com/2011-hyundai-super-bowl-commercial-anachronistic-city-video/,https://www.youtube.com/watch?v=-BVMOKtawUk,2011,FALSE,FALSE,FALSE,FALSE,FALSE,56,0,0,0
Bud Light Language of Love Commercial,Bud Light,https://superbowl-ads.com/2008-bud-light-language-of-love/,https://www.youtube.com/watch?v=Ao0x4zsb724,2008,TRUE,TRUE,FALSE,FALSE,TRUE,729583,588,180,119
Bud Light Jackie Moon TV Commercial,Bud Light,https://superbowl-ads.com/2008-bud-light-jackie-moon-will-ferrell/,https://www.youtube.com/watch?v=ecqiZn2DDFQ,2008,TRUE,TRUE,FALSE,FALSE,TRUE,1060001,1384,121,180
E-Trade Baby Girlfriend Super Bowl Commercial 2010,E-Trade,https://superbowl-ads.com/hd-exclusive-e-trade-baby-girlfriend-2010-superbowl-44-xliv-commercial-ad/,https://www.youtube.com/watch?v=tbLTl7egwlU,2010,TRUE,FALSE,FALSE,FALSE,TRUE,1046640,1206,58,204
Budweiser Black Crown - Celebration - Super Bowl 2013 Ads,Budweiser,https://superbowl-ads.com/video-budweiser-black-crown-2013-super-bowl-xlvii-ad-celebration/,https://www.youtube.com/watch?v=2WNvlXoDs7w,2013,FALSE,FALSE,FALSE,FALSE,TRUE,236,1,0,0
funny pepsi commercial,Pepsi,https://superbowl-ads.com/2001-pepsi-roller-coaster/,https://www.youtube.com/watch?v=MwfL-DkL1Vg,2001,TRUE,FALSE,FALSE,FALSE,TRUE,65162,109,4,38
"Diet Coke Twisted Mango Super Bowl 2018 TV Commercial, 'Groove' Ft Hayley Magnus",Coca-Cola,https://superbowl-ads.com/diet-coke-twisted-mango-groove/,https://www.youtube.com/watch?v=nkGd47iB-wU,2018,FALSE,FALSE,FALSE,FALSE,TRUE,179,1,0,0
Bud Light commercial - upside down clown,Bud Light,https://superbowl-ads.com/2003-bud-light-upside-down-clown/,https://www.youtube.com/watch?v=DTvxyDwP2CA,2003,TRUE,FALSE,FALSE,FALSE,FALSE,177285,229,10,32
PEPSI MAX - LOVE HURTS,Pepsi,https://superbowl-ads.com/2011-pepsi-max-love-hurts/,https://www.youtube.com/watch?v=r4eyQBvcBUA,2011,TRUE,FALSE,TRUE,FALSE,TRUE,204026,476,159,9
"ETrade ""This Is Getting Old"" 2018 Super Bowl Commercial",E-Trade,https://superbowl-ads.com/etrade-commercial-this-is-getting-old/,https://www.youtube.com/watch?v=Qx5-AZlfjp4,2018,TRUE,FALSE,FALSE,FALSE,TRUE,34440,178,11,15
"Coca Cola ""It's Mine"" Super Bowl commercial",Coca-Cola,https://superbowl-ads.com/2008-coca-cola-its-mine/,https://www.youtube.com/watch?v=-ACk9mRky5k,2008,TRUE,TRUE,TRUE,TRUE,FALSE,62538,217,4,29
"Kia 'Hot Bots' - 2014 Kia Forte Super Bowl XLVII Car Ad (HD) ""Respect the tech"" - Official TV Spot",Kia,https://superbowl-ads.com/video-kia-forte-2013-super-bowl-xlvii-commercial-hot-bots/,https://www.youtube.com/watch?v=yhPBzlB6VJI,2013,TRUE,FALSE,TRUE,FALSE,TRUE,28847,154,10,30
"Coca Cola Super Bowl Commercial 2014 ""Its Beautiful"" HD 720p",Coca-Cola,https://superbowl-ads.com/2014-coca-cola-its-beautiful/,https://www.youtube.com/watch?v=D4BC8zUfNhU,2014,FALSE,FALSE,FALSE,TRUE,FALSE,92878,450,88,139
Budweiser Return of the King 2012 Super Bowl commercial,Budweiser,https://superbowl-ads.com/2012-budweiser-return-of-the-king/,https://www.youtube.com/watch?v=TieDNumMwOc,2012,FALSE,FALSE,FALSE,TRUE,FALSE,10,0,0,0
Bud Light Ad Fergus Bud Light Bad dog!,Bud Light,https://superbowl-ads.com/2004-bud-light-fergus/,https://www.youtube.com/watch?v=j7QA9oHpduk,2004,TRUE,FALSE,TRUE,TRUE,FALSE,5699,27,1,0
Super Bowl XLI Commercial -Bud Light Starring: Carlos Mencia,Bud Light,https://superbowl-ads.com/2007-bud-light-class-with-carlos-mencia/,https://www.youtube.com/watch?v=670X2MCWzK0,2007,TRUE,TRUE,FALSE,FALSE,FALSE,955616,1301,134,194
Universal Casting Budweiser Commercial,Budweiser,https://superbowl-ads.com/2007-budweiser-don-shula-vs-jayz/,https://www.youtube.com/watch?v=YnGpb8lbPOI,2007,FALSE,TRUE,FALSE,FALSE,FALSE,186,0,0,0
Commercial Ads 2019 - KIA - The Great Unknowns – What If?,Kia,https://superbowl-ads.com/2019-kia-the-great-unknowns-what-if/,https://www.youtube.com/watch?v=nONhop0Kq-E,2019,FALSE,FALSE,FALSE,FALSE,FALSE,518,2,1,0
Bud Light Commercial-Mother-in-Law,Bud Light,https://superbowl-ads.com/2003-bud-light-mother-in-law/,https://www.youtube.com/watch?v=RuIXFuwLb2s,2003,TRUE,FALSE,FALSE,FALSE,FALSE,175482,268,15,32
Toyota Super Bowl 2018 Commercial (one team),Toyota,https://superbowl-ads.com/toyota-2018-big-game-ad-one-team/,https://www.youtube.com/watch?v=QwF3ipuNyfc,2018,TRUE,FALSE,FALSE,FALSE,FALSE,353513,1448,222,231
"Budweiser ""Instant Replay"" 2003",Budweiser,https://superbowl-ads.com/2003-budweiser-instant-replay/,https://www.youtube.com/watch?v=hM79LTkT7ek,2003,TRUE,FALSE,FALSE,TRUE,FALSE,2732,8,0,1
"The Clydesdales ""Brotherhood"" - 2013 Budweiser Super Bowl [Commercial]",Budweiser,https://superbowl-ads.com/video-budweiser-2013-super-bowl-xlvii-ad-the-clydesdales-brotherhood/,https://www.youtube.com/watch?v=eJucRz8kYo0,2013,FALSE,FALSE,FALSE,TRUE,FALSE,246619,2225,64,67
Budweiser - Body Bridge (2010) [HD],Budweiser,https://superbowl-ads.com/hd-exclusive-budweiser-body-bridge-2010-super-bowl-44-xliv-commercial-ad/,https://www.youtube.com/watch?v=IQHlA9qKJv4,2010,TRUE,FALSE,FALSE,TRUE,FALSE,42,1,0,0
Budweiser - No dogs allowed,Bud Light,https://superbowl-ads.com/2003-bud-light-no-pets-allowed/,https://www.youtube.com/watch?v=BKexURCYxtk,2003,TRUE,FALSE,FALSE,TRUE,FALSE,16083,60,3,1
"E*TRADE Financial - Monkey Musical (2002, USA)",E-Trade,https://superbowl-ads.com/2002-etrade-monkey-musical/,https://www.youtube.com/watch?v=SK1i1iyE7RA,2002,TRUE,FALSE,FALSE,TRUE,TRUE,1361,9,0,0
"Super Bowl 2006: Bud Light ""On the Roof""",Budweiser,https://superbowl-ads.com/2006-budweiser-on-the-roof/,https://www.youtube.com/watch?v=q05QIp5qbnY,2006,TRUE,FALSE,TRUE,FALSE,FALSE,120196,167,15,10
"Coke 2012 Commercial: ""Catch"" starring NE_Bear",Coca-Cola,https://superbowl-ads.com/2012-coca-cola-catch-ne-bear/,https://www.youtube.com/watch?v=S2nBBMbjS8w,2012,FALSE,FALSE,TRUE,TRUE,FALSE,22849816,92333,42386,592
Bud Light When the Trojan horse goes wrong Commercial,Bud Light,https://superbowl-ads.com/2019-bud-light-trojan-horse-occupants/,https://www.youtube.com/watch?v=nScg3KmA_6k,2019,TRUE,FALSE,FALSE,FALSE,FALSE,125,2,0,0
Toyota Tundra See Saw,Toyota,https://superbowl-ads.com/2007-toyota-tundra-see-saw/,https://www.youtube.com/watch?v=D81uh6I-2Q4,2007,FALSE,FALSE,FALSE,FALSE,FALSE,286010,221,62,114
Cool Hyundai Super Bowl Commercial (2014) Dad's Sixth Sense - Hyundai Genesis,Hynudai,https://superbowl-ads.com/2014-hyundai-genesis-dads-sixth-sense/,https://www.youtube.com/watch?v=CyK63f0I1P0,2014,TRUE,FALSE,TRUE,FALSE,TRUE,32557,202,7,5
Jackie Chan Diet Pepsi Ad,Pepsi,https://superbowl-ads.com/2006-diet-pepsi-jackie-chan/,https://www.youtube.com/watch?v=sx0i7WgBOvs,2006,TRUE,TRUE,TRUE,FALSE,FALSE,69440,70,7,11
Brown & Bubbly,Pepsi,https://superbowl-ads.com/2006-diet-pepsi-brown-and-bubbly/,https://www.youtube.com/watch?v=d8f-PiELHls,2006,TRUE,TRUE,FALSE,FALSE,TRUE,6430,45,0,10
Pepsi Super Bowl 2015 Halftime Touches Down Official Hyped for Halftime Pepsi,Pepsi,https://superbowl-ads.com/pepsi-2015-super-bowl-xlix-ad-halftime-touches-down/,https://www.youtube.com/watch?v=IUU_ygKs3jA,2015,FALSE,FALSE,FALSE,TRUE,FALSE,998,3,0,0
Bud Light Platinum - Factory 2012 Super Bowl Commercial,Bud Light,https://superbowl-ads.com/2012-bud-light-platinum-factory/,https://www.youtube.com/watch?v=3LPLXuHlOCI,2012,FALSE,FALSE,FALSE,FALSE,FALSE,21314,29,5,14
Super Bowl 2009 Ad - Doritos Crystal Ball,Doritos,https://superbowl-ads.com/2009-doritos-crystal-ball/,https://www.youtube.com/watch?v=Fdz0Q0GiEcc,2009,TRUE,FALSE,TRUE,FALSE,FALSE,20130,46,6,4
Budweiser 'Lamb Streaker',Budweiser,https://superbowl-ads.com/2006-budweiser-streaker/,https://www.youtube.com/watch?v=Zb3fhsfs6ZU,2006,TRUE,FALSE,FALSE,TRUE,TRUE,746836,2179,78,95
Cool Twist 2014 Super Bowl XLVIII Commercial Bud Light,Bud Light,https://superbowl-ads.com/2014-bud-light-cool-twist/,https://www.youtube.com/watch?v=_l1nWWiut0I,2014,FALSE,FALSE,FALSE,FALSE,FALSE,9649,32,2,1
Pepsi Truck Commercial,Pepsi,https://superbowl-ads.com/2005-diet-pepsi-pdiddy/,https://www.youtube.com/watch?v=eXfNnSOOoVc,2005,TRUE,TRUE,FALSE,FALSE,TRUE,43983,93,5,13
Bud Lighta Cedric a Island Fantasy 2005,Bud Light,https://superbowl-ads.com/2005-bud-light-cedric-stranded/,https://www.youtube.com/watch?v=Q5Hu_FBUIsk,2005,TRUE,TRUE,FALSE,TRUE,TRUE,3183,4,0,1
"2007 Super Bowl Commercials Bud Light, Apes",Bud Light,https://superbowl-ads.com/2007-bud-light-apes-plan/,https://www.youtube.com/watch?v=osn2rzClKh0,2007,TRUE,FALSE,FALSE,TRUE,FALSE,162,0,0,0
"Diet Pepsi - Guy Watcher (with Carson and Cindy, 2005)",Pepsi,https://superbowl-ads.com/2005-diet-pepsi-hot-guy/,https://www.youtube.com/watch?v=bHY2miRSwh4,2005,TRUE,TRUE,FALSE,FALSE,TRUE,293,3,0,0
2015 Budweiser Super Bowl XLIX Commercial Lost Dog Puppy BestBuds TV Ad Spot,Budweiser,https://superbowl-ads.com/2015-budweiser-lost-dog/,https://www.youtube.com/watch?v=otCxSnu_HXA,2015,FALSE,FALSE,TRUE,TRUE,FALSE,491630,2327,37,104
Game of Thrones X Bud Light | Official Super Bowl LIII Ad | Extended Version | HBO,Bud Light,https://superbowl-ads.com/2019-bud-light-game-of-thrones-joust/,https://www.youtube.com/watch?v=8fhOItB0zUM,2019,TRUE,FALSE,TRUE,TRUE,FALSE,7658201,94799,12789,7431
Bud Light: Spa,Bud Light,https://superbowl-ads.com/2004-bud-light-cedric-gets-massage/,https://www.youtube.com/watch?v=gWqR28uRxXw,2004,TRUE,TRUE,FALSE,FALSE,TRUE,39730,37,1,1
Budweiser Ad Spot: Roommate,Budweiser,https://superbowl-ads.com/2003-budweiser-roommate/,https://www.youtube.com/watch?v=R67qcUIbFhs,2003,TRUE,FALSE,FALSE,FALSE,TRUE,21813,10,0,0
ETRADE BABY Superbowl 43 XLIII Commercial,E-Trade,https://superbowl-ads.com/2009-etrade-talking-baby/,https://www.youtube.com/watch?v=PlqWRADszb0,2009,TRUE,FALSE,FALSE,FALSE,FALSE,358142,763,24,51
Pepsi Super Bowl Commercial TV AD 2013 Party HD,Pepsi,https://superbowl-ads.com/video-2013-pepsi-next-super-bowl-xlvii-commercial-party/,https://www.youtube.com/watch?v=WAySopBmbtI,2013,TRUE,FALSE,FALSE,FALSE,TRUE,987,2,0,0
Budweiser Dale Earnhardt Jr Forgotten Lipstick Commercial,Budweiser,https://superbowl-ads.com/2004-budweiser-lipstick/,https://www.youtube.com/watch?v=zM4rU4jit5k,2004,TRUE,TRUE,FALSE,TRUE,TRUE,88458,351,6,30
Hyundai Assurance Super Bowl Ad [HQ],Hynudai,https://superbowl-ads.com/2009-hyundai-assurance-contract/,https://www.youtube.com/watch?v=lzQ2NeqjYS0,2009,FALSE,FALSE,FALSE,FALSE,FALSE,7253,6,1,0
"Budweiser Puppy Commercial - Budweiser super bowl commercial 2014 ""Puppy love"" [EXTENDED]",Budweiser,https://superbowl-ads.com/2014-budweiser-puppy-love/,https://www.youtube.com/watch?v=gUGGepL5gGU,2014,FALSE,FALSE,FALSE,TRUE,FALSE,81183,232,38,10
Coca-Cola: 'Make It Happy',Coca-Cola,https://superbowl-ads.com/2015-coca-cola-make-it-happy/,https://www.youtube.com/watch?v=1AeG8tCzTGw,2015,FALSE,FALSE,FALSE,FALSE,FALSE,48617,331,18,42
NFL- Crazy,NFL,https://superbowl-ads.com/2003-nfl-crazy-with-don-cheadle/,https://www.youtube.com/watch?v=Bs0Iwwl-5Lk,2003,FALSE,TRUE,FALSE,FALSE,FALSE,18670,42,1,4
Doritos Sling Baby,Doritos,https://superbowl-ads.com/2012-doritos-sling-baby/,https://www.youtube.com/watch?v=6SWNLDdnz0A,2012,TRUE,FALSE,FALSE,FALSE,FALSE,176373378,275362,92990,1234
Britney Spears - Pepsi Now and Then Commercial [HD Master],Pepsi,https://superbowl-ads.com/2002-pepsi-generations-with-britney-spears/,https://www.youtube.com/watch?v=TG4giyL-4Sk,2002,FALSE,TRUE,FALSE,FALSE,TRUE,385777,5929,73,261
Bud Light - Cedric the entertainer Superbowl XXXVI Commercial 2002,Bud Light,https://superbowl-ads.com/2002-bud-light-cedric-advice/,https://www.youtube.com/watch?v=OfLLLnAngZI,2002,TRUE,TRUE,TRUE,FALSE,TRUE,4641,19,0,2
budweiser wassup commercial,Budweiser,https://superbowl-ads.com/2000-budweiser-whaasup/,https://www.youtube.com/watch?v=JJmqCKtJnxM,2000,TRUE,FALSE,FALSE,FALSE,FALSE,3624622,24840,521,1498
Bud Light - Cedric Date,Bud Light,https://superbowl-ads.com/2001-bud-light-cedric-the-entertainer/,https://www.youtube.com/watch?v=h-HHbtwX5vY,2001,TRUE,TRUE,FALSE,FALSE,TRUE,998,3,0,0
2013 Hyundai Genesis Super Bowl 2013 Commercial 'Excited',Hynudai,https://superbowl-ads.com/video-2013-hyundai-genesis-super-bowl-xlvii-commercial/,https://www.youtube.com/watch?v=mOatp4Xi7IU,2013,FALSE,FALSE,FALSE,FALSE,FALSE,1190,5,0,0
New Toyota Camry - My Bold Dad | Commercial USA 2015,Toyota,https://superbowl-ads.com/toyota-camry-2015-super-bowl-xlix-ad-my-bold-dad/,https://www.youtube.com/watch?v=9u4--TxE2gI,2015,FALSE,FALSE,FALSE,FALSE,FALSE,32091,266,6,15
Super Bowl XXXIV Commercial. Budweiser. The Dog Star.,Budweiser,https://superbowl-ads.com/2000-budweiser-rex/,https://www.youtube.com/watch?v=GgXsLHifz9k,2000,TRUE,FALSE,TRUE,TRUE,FALSE,111442,163,5,8
Dorrito's featuring Ali Landry Television Commercial 2001 Tennis,Doritos,https://superbowl-ads.com/2001-doritos-ali-landry/,https://www.youtube.com/watch?v=xbrvsJZSxok,2001,TRUE,TRUE,FALSE,FALSE,TRUE,2985,15,0,1
Doritos Dogs - Crash the Super Bowl 2016 WINNER OFFICIAL,Doritos,https://superbowl-ads.com/doritos-2016-super-bowl-50-ad-doritos-dogs/,https://www.youtube.com/watch?v=MNRAdrB9TSs,2016,TRUE,FALSE,FALSE,TRUE,FALSE,1214968,2534,60,226
"New Super Bowl Commercial 2008 - Bud Light: ""Ability to Fly",Bud Light,https://superbowl-ads.com/2008-bud-light-ability-to-fly/,https://www.youtube.com/watch?v=-axbiEJiRGw,2008,TRUE,FALSE,FALSE,FALSE,FALSE,9335,12,1,1
2007 Super Bowl Commercial Doritos Checkout Girl,Doritos,https://superbowl-ads.com/2007-doritos-check-out-girl/,https://www.youtube.com/watch?v=nIcFZzdXSrU,2007,TRUE,FALSE,FALSE,FALSE,TRUE,292010,244,74,52
Pepsi - Bob Dole Super Bowl XXXV 2001,Pepsi,https://superbowl-ads.com/2001-pepsi-bob-dole/,https://www.youtube.com/watch?v=6h7wifUL8mk,2001,TRUE,TRUE,FALSE,TRUE,TRUE,12106,10,1,1
"The Cult "" She Sells Sanctuary"" - Budweiser: 'Eternal Optimism' Ad",Budweiser,https://superbowl-ads.com/2012-budweiser-eternal-optimism/,https://www.youtube.com/watch?v=_GeiOdHsW_8,2012,FALSE,FALSE,FALSE,TRUE,TRUE,220292,572,100,271
Pepsi - Chessmaster Garry Kasparov Super Bowl XXXV 2001,Pepsi,https://superbowl-ads.com/2001-pepsi-kasparov-vs-pepsi-machine/,https://www.youtube.com/watch?v=pldGc0Cpf84,2001,TRUE,TRUE,TRUE,FALSE,FALSE,1475,14,0,2
ETrade Commercial - Matrix,E-Trade,https://superbowl-ads.com/2001-etrade-security-guard/,https://www.youtube.com/watch?v=39BL7iqe6pQ,2001,TRUE,FALSE,TRUE,FALSE,FALSE,6513,12,4,3
NSync - Budweiser Commercial,Budweiser,https://superbowl-ads.com/2001-budweiser-nsync/,https://www.youtube.com/watch?v=H9YdunAo3Ug,2001,FALSE,TRUE,FALSE,FALSE,FALSE,77142,334,4,71